{"start_time": 1584830998.814559, "end_time": 1584830998.814597}